Reference,Value,Digikey,LCSC,Footprint,Datasheet,Qty,DNP
"R1,R55,R60,R65,R70,R75,R102,R103,R104,R110,R112",0,N/A,C21189,Resistor_SMD:R_0603_1608Metric,~,11,
"C71,C79",15pF,N/A,C1644,Capacitor_SMD:C_0603_1608Metric,~,2,
"C12,C13,C77",47pF,N/A,C1671,Capacitor_SMD:C_0603_1608Metric,~,3,
"C2,C4,C8,C10,C11,C14,C15,C29,C31,C35,C37,C41,C43,C47,C49,C53,C55,C60,C61,C65,C66,C67,C68,C70,C72,C82,C83,C84,C86,C87,C88,C90,C91,C92,C93",100nF,N/A,C14663,Capacitor_SMD:C_0603_1608Metric,~,35,
"C3,C5,C30,C32,C36,C38,C42,C44,C48,C50,C54,C56",470nF,N/A,C1623,Capacitor_SMD:C_0603_1608Metric,~,12,
"C1,C18,C21,C28,C34,C40,C46,C52,C78,C80,C81,C89",4.7uF,N/A,C19666,Capacitor_SMD:C_0603_1608Metric,~,12,
"L1,L2,L3,L4,L5,L6",4.7uH,PQ2614BLA-3R3K-ND,N/A,Inductors:Bournes_L_PQ2614BLA,~,6,
"C7,C9,C69,C73,C74,C75,C76",10uF,N/A,C96446,Capacitor_SMD:C_0603_1608Metric,~,7,
L7,22uH,240-2706-1-ND,N/A,Inductors:TYS5020220M,~,1,
"C22,C25,C26,C27,C62,C63",220uF,1189-3789-1-ND,N/A,Capacitor_THT:CP_Radial_D10.0mm_P5.00mm,~,6,
"R24,R26",22,N/A,C23345,Resistor_SMD:R_0603_1608Metric,~,2,
"R11,R19,R49,R50",100,N/A,C22775,Resistor_SMD:R_0603_1608Metric,~,4,
"R9,R10,R131,R132",510,N/A,C23193,Resistor_SMD:R_0603_1608Metric,~,4,
"R6,R32,R107,R117,R118,R119,R121,R128",1k,N/A,C21190,Resistor_SMD:R_0603_1608Metric,~,8,
"R8,R120,R129",2k,N/A,C22975,Resistor_SMD:R_0603_1608Metric,~,3,
R31,3k,N/A,C4211,Resistor_SMD:R_0603_1608Metric,~,1,
"R93,R94",4.7k,N/A,C23162,Resistor_SMD:R_0603_1608Metric,~,2,
"R108,R109",5.1k,N/A,C23186,Resistor_SMD:R_0603_1608Metric,~,2,
"R5,R59,R64,R69,R74,R79",6.2k,N/A,C4260,Resistor_SMD:R_0603_1608Metric,~,6,
R98,7.5k,N/A,C23234,Resistor_SMD:R_0603_1608Metric,~,1,
"R2,R3,R12,R13,R16,R21,R23,R28,R30,R33,R35,R44,R45,R46,R48,R51,R52,R53,R54,R56,R57,R61,R62,R66,R67,R71,R72,R76,R77,R80,R81,R82,R83,R84,R85,R86,R87,R88,R89,R90,R91,R92,R95,R96,R97",10k,N/A,C25804,Resistor_SMD:R_0603_1608Metric,~,45,
"TH1,TH2",10k-NTC,445-2550-1-ND,N/A,Resistor_SMD:R_0402_1005Metric_Pad0.72x0.64mm_HandSolder,~,2,
"R18,R39",15k,N/A,C22809,Resistor_SMD:R_0603_1608Metric,~,2,
R7,22k,N/A,C31850,Resistor_SMD:R_0603_1608Metric,~,1,
R15,27k,N/A,C22967,Resistor_SMD:R_0603_1608Metric,~,1,
R36,30k,N/A,C22984,Resistor_SMD:R_0603_1608Metric,~,1,
"R27,R100",68k,N/A,C23231,Resistor_SMD:R_0603_1608Metric,~,2,
R29,100k,N/A,C25803,Resistor_SMD:R_0603_1608Metric,~,1,
R42,120k,N/A,C25808,Resistor_SMD:R_0603_1608Metric,~,1,
"R14,R17,R22,R43",470k,N/A,C23178,Resistor_SMD:R_0603_1608Metric,~,4,
R99,510k,N/A,C23192,Resistor_SMD:R_0603_1608Metric,~,1,
"R41,R47",787k,P787KHCT-ND,N/A,Resistor_SMD:R_0603_1608Metric_Pad0.98x0.95mm_HandSolder,~,2,
Y1,12MHz,XC2613CT-ND,N/A,Crystal:Crystal_SMD_3225-4Pin_3.2x2.5mm,~,1,
"C6,C33,C39,C45,C51,C57,C64",10uF-75V,445-CGA6P1X7R1N106M250ACCT-ND,,Capacitor_SMD:C_1210_3225Metric_Pad1.33x2.70mm_HandSolder,~,7,
"C19,C20,C23,C24,C58,C59",10uF-100V,490-16266-1-ND,,Capacitor_SMD:C_1210_3225Metric_Pad1.33x2.70mm_HandSolder,~,6,
"R4,R58,R63,R68,R73,R78",6.2k-0.25w,311-6.20KFRCT-ND,N/A,Resistor_SMD:R_1206_3216Metric_Pad1.30x1.75mm_HandSolder,~,6,
"U11,U12,U13,U14,U15,U16,U17,U18",74AHC1G126,74AHCT1G126SE-7DICT-ND,N/A,Package_TO_SOT_SMD:SOT-353_SC-70-5_Handsoldering,http://www.ti.com/lit/sg/scyt129e/scyt129e.pdf,8,
U2,74HC4051PW,1727-3064-1-ND,N/A,Package_SO:TSSOP-16_4.4x5mm_P0.65mm,http://www.ti.com/lit/ds/symlink/cd74hc4051.pdf,1,
U19,AP66200FVBW-13,31-AP66200FVBW-13CT-ND,N/A,Package_DFN_QFN:QFN-16-1EP_4x4mm_P0.65mm_EP2.5x2.5mm,https://www.diodes.com/assets/Datasheets/AP66200.pdf,1,
D4,B5819W,N/A,C8598,Diode_SMD:D_SOD-123,~,1,
J11,BMS_Serial,952-3232-ND,N/A,Connector_Harwin:Harwin_M20-89003xx_1x03_P2.54mm_Horizontal,~,1,
SW3,Boot,P11081SCT-ND,N/A,Button_Switch_SMD:SW_SPST_EVQP2,~,1,
Q5,BSS84,5272-BSS84CT-ND,N/A,Package_TO_SOT_SMD:SOT-23,http://assets.nexperia.com/documents/data-sheet/BSS84.pdf,1,
"Q3,Q4,Q6",BSS138,5272-BSS138CT-ND,N/A,Package_TO_SOT_SMD:SOT-23,https://www.onsemi.com/pub/Collateral/BSS138-D.PDF,3,
J1,DaisyChain-In,1175-1629-ND,N/A,Connectors:JTAG_2x05_P1_27mm_Shrouded_SMD,~,1,
J9,DaisyChain-Out,1175-1629-ND,N/A,Connectors:JTAG_2x05_P1_27mm_Shrouded_SMD,~,1,
J8,FanConnector,WM4330-ND,N/A,Connector_Molex:Molex_KK-254_AE-6410-04A_1x04_P2.54mm_Vertical,~,1,
"D2,D7",Green LED,N/A,C2297,LED_SMD:LED_0805_2012Metric,~,2,
"U1,U5,U6,U7,U8,U9",HIP2210,20-HIP2210FRTZ-TCT-ND,N/A,DFN:TDFN-10-1EP_4x4mm_P0.8mm_EP2.6x3mm,https://www.renesas.com/us/en/document/dst/hip2210-hip2211-datasheet?r=1320376,6,
U4,LM1117MP-3.3,N/A,C6186,Package_TO_SOT_SMD:SOT-223-3_TabPin2,http://www.ti.com/lit/ds/symlink/lm1117.pdf,1,
U21,LM1117MP-5.0,N/A,C6187,Package_TO_SOT_SMD:SOT-223-3_TabPin2,http://www.ti.com/lit/ds/symlink/lm1117.pdf,1,
U3,LTC7871,505-LTC7871ELWE#PBF-ND,C690288,Package_QFP:LQFP-64-1EP_10x10mm_P0.5mm_EP6.5x6.5mm,https://www.analog.com/media/en/technical-documentation/data-sheets/ltc7871.pdf,1,
"Q1,Q2,Q7,Q8,Q9,Q10,Q11,Q12,Q13,Q14,Q15,Q16,Q17,Q18,Q19,Q20,Q21,Q22,Q23,Q24,Q25,Q26,Q27,Q28",MCAC80N10Y,353-MCAC80N10Y-TPCT-ND,N/A,Mosfets:TRANS_BSC076N06NS3-G,https://www.mccsemi.com/pdf/Products/MCAC80N10Y(DFN5060).pdf,24,
SW4,Reset,P11081SCT-ND,N/A,Button_Switch_SMD:SW_SPST_EVQP2,~,1,
U10,RP2040,2648-SC0914(13)CT-ND,C2040,Package_DFN_QFN:QFN-56-1EP_7x7mm_P0.4mm_EP3.2x3.2mm,https://datasheets.raspberrypi.com/rp2040/rp2040-datasheet.pdf,1,
"J3,J4,J5,J6",Screw_Terminal_01x09,732-74651195RCT-ND,N/A,Connectors:CONN_74651195R_WRE,~,4,
"D1,D3",SS210,N/A,C14996,Diode_SMD:D_SMA,~,2,
P1,USB_C_Plug_USB2.0,2073-USB4085-GF-ACT-ND,N/A,Connector_USB:USB_C_Receptacle_GCT_USB4085,https://www.usb.org/sites/default/files/documents/usb_type-c.zip,1,
U20,W25Q32JVZP,W25Q32JVZPIQ-ND,N/A,Package_SON:WSON-8-1EP_6x5mm_P1.27mm_EP3.4x4.3mm,http://www.winbond.com/resource-files/w25q32jv%20revg%2003272018%20plus.pdf,1,
"D5,D6",Yellow LED,N/A,C2296,LED_SMD:LED_0805_2012Metric,~,2,
J2,~,1175-1629-ND,,Connectors:JTAG_2x05_P1_27mm_Shrouded_SMD,~,1,
